{
    "ING": [-70.612819, -33.500030, "ESCUELA DE INGENIERIA UC", [26, 1, 2, 5, 6, 3, 2, 1, 2, 7, 29, 12, 3]],
    "CC": [-70.613840, -33.498972, "ESCUELA DE CONSTRUCCION CIVIL UC", [26, 1, 2, 5, 6, 3, 2, 1, 2, 7, 29, 12, 3]]
}